user_id,avg_manipulative_rhetoric_score,non_neutral_post_ratio,comment_label_oppositional_ratio,anomaly_label,anomaly_score,comment_count,analyzed_post_count
According_Donut6672,0.0,0.0,0.1481481481481481,1,0.9262529918439686,27.0,0.0
BeefSupreme2,36.666666666666664,1.0,0.5714285714285714,-1,-8.308840997891988,21.0,3.0
LemonHaze420_,0.0,0.0,0.1481481481481481,1,1.376621711206094,27.0,0.0
gtwooh,0.0,0.0,0.3529411764705882,1,1.743780684292847,17.0,0.0
