user_id,avg_manipulative_rhetoric_score,non_neutral_post_ratio,comment_label_oppositional_ratio,anomaly_label,anomaly_score,comment_count,analyzed_post_count
Anzu_Yamasaki,0.0,0.0,0.3235294117647059,-1,-0.589775614428679,34.0,0.0
CorneliusFudgem,0.0,0.0,0.1923076923076923,1,1.1084219240612594,26.0,0.0
PolarPelly,10.0,1.0,0.4444444444444444,1,2.045368860641159,9.0,1.0
Wobbalabba776,0.0,0.0,0.3333333333333333,1,3.7557253297161086,6.0,0.0
Wsemenske,30.0,1.0,0.5769230769230769,-1,-20.99520563178107,26.0,3.0
_Starter,0.0,0.0,0.3333333333333333,1,1.5751633780625864,21.0,0.0
mymomsaidiamsmart,0.0,0.0,0.5,-1,-0.1167023285473716,14.0,0.0
