user_id,avg_manipulative_rhetoric_score,non_neutral_post_ratio,comment_label_oppositional_ratio,anomaly_label,anomaly_score,comment_count,analyzed_post_count
BitcoinFreedom1776,0.0,0.0,0.5,1,2.2803698966306563,4.0,0.0
Impressive-Cat-3144,0.0,0.0,0.2222222222222222,1,3.6387220953201953,9.0,0.0
No-Recipe-4578,0.0,0.0,0.4,1,3.2316443489379107,5.0,1.0
Technical_Moose8478,0.0,0.0,0.6666666666666666,1,1.4165197803139322,3.0,0.0
kundaliniredneck1,0.0,0.0,0.1818181818181818,1,3.5427903857544036,11.0,0.0
turdturd1,0.0,0.0,0.6666666666666666,-1,-1.1361453065372578,3.0,0.0
vnielz,33.333333333333336,1.0,0.281437125748503,-1,-6.270714737055183,167.0,3.0
