user_id,avg_manipulative_rhetoric_score,non_neutral_post_ratio,comment_label_oppositional_ratio,anomaly_label,anomaly_score,comment_count,analyzed_post_count
MisanthropicSocrates,0.0,0.0,1.0,1,3.2637538440402345,2.0,0.0
Safe-Painter-9618,20.0,0.75,0.4651162790697674,-1,-0.4621621280810197,43.0,4.0
Significant_Tap_5362,0.0,0.0,0.3703703703703703,1,0.913037061555265,27.0,0.0
TiestoForever,0.0,0.0,0.3,-1,-0.3538151077542641,30.0,0.0
der-gaster-981,0.0,0.0,0.1818181818181818,-1,-0.7630050754086133,33.0,0.0
iPurchaseBitcoin,25.96153846153846,1.0,0.1555555555555555,-1,-11.514964388942676,90.0,26.0
platour220,0.0,0.0,0.4285714285714285,1,3.26760775267289,7.0,0.0
