user_id,avg_manipulative_rhetoric_score,non_neutral_post_ratio,comment_label_oppositional_ratio,anomaly_label,anomaly_score,comment_count,analyzed_post_count
AKcryptoGUY,0.0,0.0,1.0,1,3.4185830319343573,2.0,0.0
FuckYaHoeAssMom,0.0,0.0,1.0,1,3.860761242759377,2.0,0.0
Julian_256,0.0,0.0,1.0,1,3.381440177649901,2.0,0.0
Local_Doubt_4029,36.666666666666664,1.0,0.4285714285714285,-1,-3.380265857470352,35.0,3.0
OwnPersonalSatan,0.0,0.0,0.2222222222222222,1,2.7583587478805467,18.0,0.0
Vimes-NW,2.5,0.0,0.75,1,0.4442070816150405,4.0,2.0
You3betI4bet,75.0,1.0,0.2857142857142857,1,1.82557651976785,14.0,1.0
