user_id,avg_manipulative_rhetoric_score,non_neutral_post_ratio,comment_label_oppositional_ratio,anomaly_label,anomaly_score,comment_count,analyzed_post_count
CoolPineapple6969,0.0,0.0,0.6666666666666666,1,0.1914912359799201,3.0,0.0
Fabulous-Chard3987,0.0,0.0,0.2857142857142857,1,3.1952647028865586,7.0,0.0
GooseBash,0.0,0.0,0.3333333333333333,1,3.5173302778558826,6.0,0.0
NectarineDirect936,0.0,0.0,0.0517241379310344,-1,-11.918424150206882,116.0,0.0
autemox,0.0,0.0,0.6,1,4.0311506268065305,5.0,0.0
harvested,35.0,1.0,0.1740890688259109,-1,-6.932917800771422,247.0,2.0
rtublin,0.0,0.0,0.2142857142857142,1,2.659814134675881,14.0,0.0
wish_I_knew_before-1,0.0,0.0,0.75,1,2.9897903549285343,4.0,0.0
