user_id,avg_manipulative_rhetoric_score,non_neutral_post_ratio,comment_label_oppositional_ratio,anomaly_label,anomaly_score,comment_count,analyzed_post_count
Far-Hunter2057,0.0,0.0,0.5833333333333334,1,2.354383599831119,12.0,0.0
btcgib,0.0,0.0,0.5333333333333333,1,1.2549751762138364,15.0,0.0
tzacPACO,56.666666666666664,1.0,0.3243243243243243,-1,-6.574656854794252,37.0,3.0
