user_id,avg_manipulative_rhetoric_score,non_neutral_post_ratio,comment_label_oppositional_ratio,anomaly_label,anomaly_score,comment_count,analyzed_post_count
Biggie_Nuf,0.0,0.0,1.0,1,4.021144460555351,3.0,0.0
MatchboxVader22,0.0,0.0,0.1176470588235294,1,1.9735627767355688,34.0,1.0
PunkerWannaBe,0.0,0.0,0.2727272727272727,1,2.4558194730017613,11.0,0.0
TechHonie,0.0,0.0,0.2,-1,-4.083627580590019,60.0,0.0
bestjaegerpilot,15.0,1.0,0.5,1,3.2246966381300055,6.0,1.0
bryanchicken,0.0,0.0,0.45,1,1.8082210568843,20.0,0.0
jamesnaranja90,0.0,0.0,0.2,1,2.9898027904207525,15.0,0.0
onebtcisonebtc,20.0,1.0,0.1857142857142857,-1,-8.263371981297478,70.0,3.0
sixty9shadesofj,0.0,0.0,0.5483870967741935,1,0.3588550128574326,31.0,0.0
