user_id,avg_manipulative_rhetoric_score,non_neutral_post_ratio,comment_label_oppositional_ratio,anomaly_label,anomaly_score,comment_count,analyzed_post_count
Caesars7Hills,0.0,0.0,0.2727272727272727,1,3.521882060696212,11.0,0.0
LuckyTrain727,0.0,0.0,0.4545454545454545,1,3.256370750868881,11.0,1.0
SevenBlade,0.0,0.0,1.0,1,3.668725911264856,2.0,0.0
Sweet-Hat-7946,35.714285714285715,1.0,0.4328358208955223,-1,-7.089480297377001,67.0,7.0
_DANGR_,0.0,0.0,0.2222222222222222,1,2.624196065002113,18.0,0.0
