user_id,avg_manipulative_rhetoric_score,non_neutral_post_ratio,comment_label_oppositional_ratio,anomaly_label,anomaly_score,comment_count,analyzed_post_count
Far-Hunter2057,0.0,0.0,0.5833333333333334,1,2.354383599831119,12.0,0.0
Logvin,0.0,0.0,0.6153846153846154,1,3.053712314660898,13.0,0.0
Rent_South,11.666666666666666,0.8333333333333334,0.3295454545454545,-1,-2.4460776225176204,88.0,6.0
Romando1,0.0,0.0,0.5454545454545454,1,2.1849328826430066,22.0,0.0
btcgib,0.0,0.0,0.5333333333333333,1,1.2549751762138364,15.0,0.0
tzacPACO,56.666666666666664,1.0,0.3243243243243243,-1,-6.574656854794252,37.0,3.0
