user_id,avg_manipulative_rhetoric_score,non_neutral_post_ratio,comment_label_oppositional_ratio,anomaly_label,anomaly_score,comment_count,analyzed_post_count
Different_Walrus_574,47.5,1.0,0.2138728323699422,-1,-10.63008086920533,173.0,2.0
GrandmasCervix,0.0,0.0,0.2222222222222222,1,3.4511466866014375,9.0,0.0
Human-Key-7984,5.0,0.3333333333333333,0.1818181818181818,1,1.1622107504605532,11.0,3.0
LimitAlternative2629,10.833333333333334,0.3333333333333333,0.2727272727272727,-1,-2.4121005956095845,44.0,6.0
Quantumosaur,0.0,0.0,0.4,1,4.120285986453774,5.0,0.0
supahcalah,0.0,0.0,0.5,1,1.92920315377219,4.0,0.0
the_gamer_guy56,0.0,0.0,1.0,1,1.6007984712406618,2.0,0.0
